Name	Fraktion	Geschlecht	Bundesland	Wahlkreis	Mandat	Biografie	Art	Stufe	Jahr	Beginn	Ende	Periodisch	Originaltext
Stephan Albani	CDU/CSU	m	Niedersachsen	Wahlkreis 027: Oldenburg - Ammerland	liste	http://www.bundestag.de/bundestag/abgeordnete18/biografien/A/albani_stephan/258132	Funktionen in Unternehmen	1				monatlich	Hörzentrum Oldenburg GmbH, Oldenburg, Geschäftsführer, monatlich, Stufe 1
Stephan Albani	CDU/CSU	m	Niedersachsen	Wahlkreis 027: Oldenburg - Ammerland	liste	http://www.bundestag.de/bundestag/abgeordnete18/biografien/A/albani_stephan/258132	Funktionen in Unternehmen	2				monatlich	Kompetenzzentrum HörTech gemeinnützige GmbH, Oldenburg, Geschäftsführer, monatlich, Stufe 2
Dorothee Bär	CDU/CSU	f	Bayern	Wahlkreis 248: Bad Kissingen	direkt	http://www.bundestag.de/bundestag/abgeordnete18/biografien/B/baer_dorothee/258192	Entgeltliche Tätigkeiten neben dem Mandat	2			2013-12-16T23:00:00.000Z	monatlich	Christlich-Soziale Union, München, Stellv. Generalsekretärin (bis 17.12.2013), monatlich, Stufe 2
Ulrike Bahr	SPD	f	Bayern	Wahlkreis 252: Augsburg-Stadt	liste	http://www.bundestag.de/bundestag/abgeordnete18/biografien/B/bahr_ulrike/258242	Funktionen in Körperschaften und Anstalten des öffentlichen Rechts	1			2014-04-29T22:00:00.000Z	monatlich	Stadt Augsburg, Augsburg, Mitglied des Stadtrates (bis 30.04.2014), monatlich, Stufe 1
Helmut Brandt	CDU/CSU	m	Nordrhein-Westfalen	Wahlkreis 088: Aachen II	direkt	http://www.bundestag.de/bundestag/abgeordnete18/biografien/B/brandt_helmut/258214	Entgeltliche Tätigkeiten neben dem Mandat	4	2013			einmalig	Rechtsanwälte Franz Brandt, Peter Capellmann & Peter Tomczak, Alsdorf, Rechtsanwalt, 2013, Stufe 4, Gewinn
Helmut Brandt	CDU/CSU	m	Nordrhein-Westfalen	Wahlkreis 088: Aachen II	direkt	http://www.bundestag.de/bundestag/abgeordnete18/biografien/B/brandt_helmut/258214	Entgeltliche Tätigkeiten neben dem Mandat	6	2014			einmalig	Rechtsanwälte Franz Brandt, Peter Capellmann & Peter Tomczak, Alsdorf, 2014, Stufe 6, Gewinn
Helmut Brandt	CDU/CSU	m	Nordrhein-Westfalen	Wahlkreis 088: Aachen II	direkt	http://www.bundestag.de/bundestag/abgeordnete18/biografien/B/brandt_helmut/258214	Entgeltliche Tätigkeiten neben dem Mandat	5	2015			einmalig	Rechtsanwälte Franz Brandt, Peter Capellmann & Peter Tomczak, Alsdorf, 2015, Stufe 5, Gewinn
Helmut Brandt	CDU/CSU	m	Nordrhein-Westfalen	Wahlkreis 088: Aachen II	direkt	http://www.bundestag.de/bundestag/abgeordnete18/biografien/B/brandt_helmut/258214	Entgeltliche Tätigkeiten neben dem Mandat	4	2016			einmalig	Rechtsanwälte Franz Brandt, Peter Capellmann & Peter Tomczak, Alsdorf, 2016, Stufe 4
Bernhard Daldrup	SPD	m	Nordrhein-Westfalen	Wahlkreis 130: Warendorf	liste	http://www.bundestag.de/bundestag/abgeordnete18/biografien/D/daldrup_bernhard/258262	Entgeltliche Tätigkeiten neben dem Mandat	2		2014-01-31T23:00:00.000Z		monatlich	Sozialdemokratische Gemeinschaft für Kommunalpolitik Nordrhein-Westfalen e.V., Düsseldorf, Landesgeschäftsführer, monatlich, Stufe 2 (ab 01.01.2014)
Dr. Diether Dehm	Die Linke	m	Niedersachsen	Wahlkreis 043: Hannover-Land I	liste	http://www.bundestag.de/bundestag/abgeordnete18/biografien/D/dehm_diether/258296	Entgeltliche Tätigkeiten neben dem Mandat	4				jährlich	Publizist, Autor und Liederschreiber, selbständig, Berlin, GEMA, Berlin, jährlich, Stufe 4
Alexander Dobrindt	CDU/CSU	m	Bayern	Wahlkreis 226: Weilheim	direkt	http://www.bundestag.de/bundestag/abgeordnete18/biografien/D/dobrindt_alexander/258284	Entgeltliche Tätigkeiten neben dem Mandat	3			2013-12-15T23:00:00.000Z	monatlich	Christlich-Soziale Union in Bayern e.V., München, Generalsekretär (bis 16.12.2013), monatlich, Stufe 3
Hermann Färber	CDU/CSU	m	Baden-Württemberg	Wahlkreis 263: Göppingen	direkt	http://www.bundestag.de/bundestag/abgeordnete18/biografien/F/faerber_hermann/258338	Entgeltliche Tätigkeiten neben dem Mandat	1				monatlich	Unternehmer, selbständig, Winterdienst und Photovoltaikanlage, Böhmenkirch, Albwerk GmbH & Co KG, Geislingen, monatlich, Stufe 1
Hermann Färber	CDU/CSU	m	Baden-Württemberg	Wahlkreis 263: Göppingen	direkt	http://www.bundestag.de/bundestag/abgeordnete18/biografien/F/faerber_hermann/258338	Entgeltliche Tätigkeiten neben dem Mandat	1				monatlich	Hermann Färber GbR, Böhmenkirch, Geschäftsführer, monatlich, Stufe 1
Christian Flisek	SPD	m	Bayern	Wahlkreis 229: Passau	liste	http://www.bundestag.de/bundestag/abgeordnete18/biografien/F/flisek_christian/258360	Entgeltliche Tätigkeiten neben dem Mandat	1				monatlich	Flisek + Galla Rechtsanwaltsgesellschaft mbH, Passau, Rechtsanwalt, monatlich, Stufe 1
Dr. Peter Gauweiler	CDU/CSU	m	Bayern	Wahlkreis 220: München-Süd	direkt	http://www.bundestag.de/bundestag/abgeordnete18/biografien/G/gauweiler_peter/258396	Entgeltliche Tätigkeiten neben dem Mandat	5	2013			einmalig	Rechtsanwälte Bub, Gauweiler & Partner, München, Mandant 01, 2013, Stufe 5
Dr. Peter Gauweiler	CDU/CSU	m	Bayern	Wahlkreis 220: München-Süd	direkt	http://www.bundestag.de/bundestag/abgeordnete18/biografien/G/gauweiler_peter/258396	Entgeltliche Tätigkeiten neben dem Mandat	10	2014			einmalig	Rechtsanwälte Bub, Gauweiler & Partner, München,   2014, Stufe 10
Dr. Peter Gauweiler	CDU/CSU	m	Bayern	Wahlkreis 220: München-Süd	direkt	http://www.bundestag.de/bundestag/abgeordnete18/biografien/G/gauweiler_peter/258396	Entgeltliche Tätigkeiten neben dem Mandat	10	2013			einmalig	Rechtsanwälte Bub, Gauweiler & Partner, München, Mandant 02, 2013, Stufe 10
Dr. Peter Gauweiler	CDU/CSU	m	Bayern	Wahlkreis 220: München-Süd	direkt	http://www.bundestag.de/bundestag/abgeordnete18/biografien/G/gauweiler_peter/258396	Entgeltliche Tätigkeiten neben dem Mandat	1	2014			einmalig	Rechtsanwälte Bub, Gauweiler & Partner, München, 2014, Stufe 1
Dr. Peter Gauweiler	CDU/CSU	m	Bayern	Wahlkreis 220: München-Süd	direkt	http://www.bundestag.de/bundestag/abgeordnete18/biografien/G/gauweiler_peter/258396	Entgeltliche Tätigkeiten neben dem Mandat	2	2013			einmalig	Rechtsanwälte Bub, Gauweiler & Partner, München, Mandant 03, 2013, Stufe 2
Dr. Peter Gauweiler	CDU/CSU	m	Bayern	Wahlkreis 220: München-Süd	direkt	http://www.bundestag.de/bundestag/abgeordnete18/biografien/G/gauweiler_peter/258396	Entgeltliche Tätigkeiten neben dem Mandat	5	2014			einmalig	Rechtsanwälte Bub, Gauweiler & Partner, München,   2014, Stufe 5
Dr. Peter Gauweiler	CDU/CSU	m	Bayern	Wahlkreis 220: München-Süd	direkt	http://www.bundestag.de/bundestag/abgeordnete18/biografien/G/gauweiler_peter/258396	Entgeltliche Tätigkeiten neben dem Mandat	1	2013			einmalig	Rechtsanwälte Bub, Gauweiler & Partner, München, Mandant 04, 2013, Stufe 1
Dr. Peter Gauweiler	CDU/CSU	m	Bayern	Wahlkreis 220: München-Süd	direkt	http://www.bundestag.de/bundestag/abgeordnete18/biografien/G/gauweiler_peter/258396	Entgeltliche Tätigkeiten neben dem Mandat	9	2014			einmalig	Rechtsanwälte Bub, Gauweiler & Partner, München,   2014, Stufe 9
Dr. Peter Gauweiler	CDU/CSU	m	Bayern	Wahlkreis 220: München-Süd	direkt	http://www.bundestag.de/bundestag/abgeordnete18/biografien/G/gauweiler_peter/258396	Entgeltliche Tätigkeiten neben dem Mandat	4	2013			einmalig	Rechtsanwälte Bub, Gauweiler & Partner, München, Mandant 05, 2013, Stufe 4
Dr. Peter Gauweiler	CDU/CSU	m	Bayern	Wahlkreis 220: München-Süd	direkt	http://www.bundestag.de/bundestag/abgeordnete18/biografien/G/gauweiler_peter/258396	Entgeltliche Tätigkeiten neben dem Mandat	10	2014			einmalig	Rechtsanwälte Bub, Gauweiler & Partner, München,    2014, Stufe 10
Dr. Peter Gauweiler	CDU/CSU	m	Bayern	Wahlkreis 220: München-Süd	direkt	http://www.bundestag.de/bundestag/abgeordnete18/biografien/G/gauweiler_peter/258396	Entgeltliche Tätigkeiten neben dem Mandat	6	2013			einmalig	Rechtsanwälte Bub, Gauweiler & Partner, München, Mandant 06, 2013, Stufe 6
Dr. Peter Gauweiler	CDU/CSU	m	Bayern	Wahlkreis 220: München-Süd	direkt	http://www.bundestag.de/bundestag/abgeordnete18/biografien/G/gauweiler_peter/258396	Entgeltliche Tätigkeiten neben dem Mandat	4	2014			einmalig	Rechtsanwälte Bub, Gauweiler & Partner, München,   2014, Stufe 4
Dr. Peter Gauweiler	CDU/CSU	m	Bayern	Wahlkreis 220: München-Süd	direkt	http://www.bundestag.de/bundestag/abgeordnete18/biografien/G/gauweiler_peter/258396	Entgeltliche Tätigkeiten neben dem Mandat	5	2013			einmalig	Rechtsanwälte Bub, Gauweiler & Partner, München, Mandant 07, 2013, Stufe 5
Dr. Peter Gauweiler	CDU/CSU	m	Bayern	Wahlkreis 220: München-Süd	direkt	http://www.bundestag.de/bundestag/abgeordnete18/biografien/G/gauweiler_peter/258396	Entgeltliche Tätigkeiten neben dem Mandat	2	2014			einmalig	Rechtsanwälte Bub, Gauweiler & Partner, München,   2014, Stufe 2
Dr. Peter Gauweiler	CDU/CSU	m	Bayern	Wahlkreis 220: München-Süd	direkt	http://www.bundestag.de/bundestag/abgeordnete18/biografien/G/gauweiler_peter/258396	Entgeltliche Tätigkeiten neben dem Mandat	5	2013			einmalig	Rechtsanwälte Bub, Gauweiler & Partner, München, Mandant 08, 2013, Stufe 5
Dr. Peter Gauweiler	CDU/CSU	m	Bayern	Wahlkreis 220: München-Süd	direkt	http://www.bundestag.de/bundestag/abgeordnete18/biografien/G/gauweiler_peter/258396	Entgeltliche Tätigkeiten neben dem Mandat	8	2014			einmalig	Rechtsanwälte Bub, Gauweiler & Partner, München,   2014, Stufe 8
Dr. Peter Gauweiler	CDU/CSU	m	Bayern	Wahlkreis 220: München-Süd	direkt	http://www.bundestag.de/bundestag/abgeordnete18/biografien/G/gauweiler_peter/258396	Entgeltliche Tätigkeiten neben dem Mandat	1	2013			einmalig	Rechtsanwälte Bub, Gauweiler & Partner, München, Mandant 09, 2013, Stufe 1
Dr. Peter Gauweiler	CDU/CSU	m	Bayern	Wahlkreis 220: München-Süd	direkt	http://www.bundestag.de/bundestag/abgeordnete18/biografien/G/gauweiler_peter/258396	Entgeltliche Tätigkeiten neben dem Mandat	9	2014			einmalig	Rechtsanwälte Bub, Gauweiler & Partner, München,    2014, Stufe 9
Dr. Peter Gauweiler	CDU/CSU	m	Bayern	Wahlkreis 220: München-Süd	direkt	http://www.bundestag.de/bundestag/abgeordnete18/biografien/G/gauweiler_peter/258396	Entgeltliche Tätigkeiten neben dem Mandat	3	2013			einmalig	Rechtsanwälte Bub, Gauweiler & Partner, München, Mandant 10, 2013, Stufe 3
Dr. Peter Gauweiler	CDU/CSU	m	Bayern	Wahlkreis 220: München-Süd	direkt	http://www.bundestag.de/bundestag/abgeordnete18/biografien/G/gauweiler_peter/258396	Entgeltliche Tätigkeiten neben dem Mandat	5	2014			einmalig	Rechtsanwälte Bub, Gauweiler & Partner, München,    2014, Stufe 5
Dr. Peter Gauweiler	CDU/CSU	m	Bayern	Wahlkreis 220: München-Süd	direkt	http://www.bundestag.de/bundestag/abgeordnete18/biografien/G/gauweiler_peter/258396	Entgeltliche Tätigkeiten neben dem Mandat	4	2013			einmalig	Rechtsanwälte Bub, Gauweiler & Partner, München, Mandant 11, 2013, Stufe 4
Dr. Peter Gauweiler	CDU/CSU	m	Bayern	Wahlkreis 220: München-Süd	direkt	http://www.bundestag.de/bundestag/abgeordnete18/biografien/G/gauweiler_peter/258396	Entgeltliche Tätigkeiten neben dem Mandat	7	2014			einmalig	Rechtsanwälte Bub, Gauweiler & Partner, München,   2014, Stufe 7
Dr. Peter Gauweiler	CDU/CSU	m	Bayern	Wahlkreis 220: München-Süd	direkt	http://www.bundestag.de/bundestag/abgeordnete18/biografien/G/gauweiler_peter/258396	Entgeltliche Tätigkeiten neben dem Mandat	1	2013			einmalig	Rechtsanwälte Bub, Gauweiler & Partner, München, Mandant 12, 2013, Stufe 1
Dr. Peter Gauweiler	CDU/CSU	m	Bayern	Wahlkreis 220: München-Süd	direkt	http://www.bundestag.de/bundestag/abgeordnete18/biografien/G/gauweiler_peter/258396	Entgeltliche Tätigkeiten neben dem Mandat	4	2014			einmalig	Rechtsanwälte Bub, Gauweiler & Partner, München,   2014, Stufe 4
Dr. Peter Gauweiler	CDU/CSU	m	Bayern	Wahlkreis 220: München-Süd	direkt	http://www.bundestag.de/bundestag/abgeordnete18/biografien/G/gauweiler_peter/258396	Entgeltliche Tätigkeiten neben dem Mandat	3	2013			einmalig	Rechtsanwälte Bub, Gauweiler & Partner, München, Mandant 13, 2013, Stufe 3
Dr. Peter Gauweiler	CDU/CSU	m	Bayern	Wahlkreis 220: München-Süd	direkt	http://www.bundestag.de/bundestag/abgeordnete18/biografien/G/gauweiler_peter/258396	Entgeltliche Tätigkeiten neben dem Mandat	4	2014			einmalig	Rechtsanwälte Bub, Gauweiler & Partner, München,   2014, Stufe 4
Dr. Peter Gauweiler	CDU/CSU	m	Bayern	Wahlkreis 220: München-Süd	direkt	http://www.bundestag.de/bundestag/abgeordnete18/biografien/G/gauweiler_peter/258396	Entgeltliche Tätigkeiten neben dem Mandat	6	2013			einmalig	Rechtsanwälte Bub, Gauweiler & Partner, München, Mandant 14, 2013, Stufe 6
Dr. Peter Gauweiler	CDU/CSU	m	Bayern	Wahlkreis 220: München-Süd	direkt	http://www.bundestag.de/bundestag/abgeordnete18/biografien/G/gauweiler_peter/258396	Entgeltliche Tätigkeiten neben dem Mandat	3	2014			einmalig	Rechtsanwälte Bub, Gauweiler & Partner, München,   2014, Stufe 3
Dr. Peter Gauweiler	CDU/CSU	m	Bayern	Wahlkreis 220: München-Süd	direkt	http://www.bundestag.de/bundestag/abgeordnete18/biografien/G/gauweiler_peter/258396	Entgeltliche Tätigkeiten neben dem Mandat	2	2013			einmalig	Rechtsanwälte Bub, Gauweiler & Partner, München, Mandant 15, 2013, Stufe 2
Dr. Peter Gauweiler	CDU/CSU	m	Bayern	Wahlkreis 220: München-Süd	direkt	http://www.bundestag.de/bundestag/abgeordnete18/biografien/G/gauweiler_peter/258396	Entgeltliche Tätigkeiten neben dem Mandat	4	2014			einmalig	Rechtsanwälte Bub, Gauweiler & Partner, München,   2014, Stufe 4
Dr. Peter Gauweiler	CDU/CSU	m	Bayern	Wahlkreis 220: München-Süd	direkt	http://www.bundestag.de/bundestag/abgeordnete18/biografien/G/gauweiler_peter/258396	Entgeltliche Tätigkeiten neben dem Mandat	2	2013			einmalig	Rechtsanwälte Bub, Gauweiler & Partner, München, Mandant 16, 2013, Stufe 2
Dr. Peter Gauweiler	CDU/CSU	m	Bayern	Wahlkreis 220: München-Süd	direkt	http://www.bundestag.de/bundestag/abgeordnete18/biografien/G/gauweiler_peter/258396	Entgeltliche Tätigkeiten neben dem Mandat	3	2013			einmalig	Rechtsanwälte Bub, Gauweiler & Partner, München, Mandant 17, 2013, Stufe 3
Dr. Peter Gauweiler	CDU/CSU	m	Bayern	Wahlkreis 220: München-Süd	direkt	http://www.bundestag.de/bundestag/abgeordnete18/biografien/G/gauweiler_peter/258396	Entgeltliche Tätigkeiten neben dem Mandat	3	2014			einmalig	Rechtsanwälte Bub, Gauweiler & Partner, München,   2014, Stufe 3
Dr. Peter Gauweiler	CDU/CSU	m	Bayern	Wahlkreis 220: München-Süd	direkt	http://www.bundestag.de/bundestag/abgeordnete18/biografien/G/gauweiler_peter/258396	Entgeltliche Tätigkeiten neben dem Mandat	2	2013			einmalig	Rechtsanwälte Bub, Gauweiler & Partner, München, Mandant 18, 2013, Stufe 2
Dr. Peter Gauweiler	CDU/CSU	m	Bayern	Wahlkreis 220: München-Süd	direkt	http://www.bundestag.de/bundestag/abgeordnete18/biografien/G/gauweiler_peter/258396	Entgeltliche Tätigkeiten neben dem Mandat	10	2014			einmalig	Rechtsanwälte Bub, Gauweiler & Partner, München,   2014, Stufe 10
Dr. Peter Gauweiler	CDU/CSU	m	Bayern	Wahlkreis 220: München-Süd	direkt	http://www.bundestag.de/bundestag/abgeordnete18/biografien/G/gauweiler_peter/258396	Entgeltliche Tätigkeiten neben dem Mandat	1	2013			einmalig	Rechtsanwälte Bub, Gauweiler & Partner, München, Mandant 19, 2013, Stufe 1
Dr. Peter Gauweiler	CDU/CSU	m	Bayern	Wahlkreis 220: München-Süd	direkt	http://www.bundestag.de/bundestag/abgeordnete18/biografien/G/gauweiler_peter/258396	Entgeltliche Tätigkeiten neben dem Mandat	1	2014			einmalig	Rechtsanwälte Bub, Gauweiler & Partner, München,   2014, Stufe 1
Dr. Peter Gauweiler	CDU/CSU	m	Bayern	Wahlkreis 220: München-Süd	direkt	http://www.bundestag.de/bundestag/abgeordnete18/biografien/G/gauweiler_peter/258396	Entgeltliche Tätigkeiten neben dem Mandat	2	2014			einmalig	Rechtsanwälte Bub, Gauweiler & Partner, München, Mandant 20, 2014, Stufe 2
Dr. Peter Gauweiler	CDU/CSU	m	Bayern	Wahlkreis 220: München-Süd	direkt	http://www.bundestag.de/bundestag/abgeordnete18/biografien/G/gauweiler_peter/258396	Entgeltliche Tätigkeiten neben dem Mandat	3	2014			einmalig	Rechtsanwälte Bub, Gauweiler & Partner, München, Mandant 21, 2014, Stufe 3
Dr. Peter Gauweiler	CDU/CSU	m	Bayern	Wahlkreis 220: München-Süd	direkt	http://www.bundestag.de/bundestag/abgeordnete18/biografien/G/gauweiler_peter/258396	Entgeltliche Tätigkeiten neben dem Mandat	2	2014			einmalig	Rechtsanwälte Bub, Gauweiler & Partner, München, Mandant 22, 2014, Stufe 2
Dr. Peter Gauweiler	CDU/CSU	m	Bayern	Wahlkreis 220: München-Süd	direkt	http://www.bundestag.de/bundestag/abgeordnete18/biografien/G/gauweiler_peter/258396	Entgeltliche Tätigkeiten neben dem Mandat	1	2014			einmalig	Rechtsanwälte Bub, Gauweiler & Partner, München, Mandant 23, 2014, Stufe 1
Sigmar Gabriel	SPD	m	Niedersachsen	Wahlkreis 049: Salzgitter - Wolfenbüttel	direkt	http://www.bundestag.de/bundestag/abgeordnete18/biografien/G/gabriel_sigmar/258398	Entgeltliche Tätigkeiten neben dem Mandat	3			2013-12-30T23:00:00.000Z	monatlich	Sozialdemokratische Partei Deutschlands, Berlin, Vorsitzender, monatlich, Stufe 3 (bis Ende 2013)
Sigmar Gabriel	SPD	m	Niedersachsen	Wahlkreis 049: Salzgitter - Wolfenbüttel	direkt	http://www.bundestag.de/bundestag/abgeordnete18/biografien/G/gabriel_sigmar/258398	Entgeltliche Tätigkeiten neben dem Mandat	1	2014	2014-03-31T22:00:00.000Z		monatlich	Sozialdemokratische Partei Deutschlands, Berlin, monatlich, Stufe 1 (ab 01.03.2014 bis 31.12.2014)
Hermann Gröhe	CDU/CSU	m	Nordrhein-Westfalen	Wahlkreis 108: Neuss I	direkt	http://www.bundestag.de/bundestag/abgeordnete18/biografien/G/groehe_hermann/258434	Entgeltliche Tätigkeiten neben dem Mandat	3			2013-12-16T23:00:00.000Z	monatlich	Christlich Demokratische Union Deutschlands, Berlin, Generalsekretär (bis 17.12.2013), monatlich, Stufe 3
Astrid Grotelüschen	CDU/CSU	f	Niedersachsen	Wahlkreis 028: Delmenhorst - Wesermarsch - Oldenburg-Land	direkt	http://www.bundestag.de/bundestag/abgeordnete18/biografien/G/grotelueschen_astrid/258422	Entgeltliche Tätigkeiten neben dem Mandat	1				monatlich	Grotelüschen Immobilien GmbH & Co KG, Ahlhorn, Geschäftsführerin, monatlich, Stufe 1
Fritz Güntzler	CDU/CSU	m	Niedersachsen	Wahlkreis 053: Göttingen	liste	http://www.bundestag.de/bundestag/abgeordnete18/biografien/G/guentzler_fritz/258392	Entgeltliche Tätigkeiten neben dem Mandat	1				monatlich	Prof. Dr. Ludewig und Partner GmbH, Kassel, Geschäftsführer, monatlich, Stufe 1
Fritz Güntzler	CDU/CSU	m	Niedersachsen	Wahlkreis 053: Göttingen	liste	http://www.bundestag.de/bundestag/abgeordnete18/biografien/G/guentzler_fritz/258392	Entgeltliche Tätigkeiten neben dem Mandat	1				monatlich	Prof. Dr. Ludewig und Sozien, Kassel, Wirtschaftsprüfer/Steuerberater, monatlich, Stufe 1
Fritz Güntzler	CDU/CSU	m	Niedersachsen	Wahlkreis 053: Göttingen	liste	http://www.bundestag.de/bundestag/abgeordnete18/biografien/G/guentzler_fritz/258392	Entgeltliche Tätigkeiten neben dem Mandat	1				monatlich	Quattek & Partner Steuerberatungsgesellschaft, Göttingen, Wirtschaftsprüfer/Steuerberater, monatlich, Stufe 1
Olav Gutting	CDU/CSU	m	Baden-Württemberg	Wahlkreis 278: Bruchsal - Schwetzingen	direkt	http://www.bundestag.de/bundestag/abgeordnete18/biografien/G/gutting_olav/258380	Entgeltliche Tätigkeiten neben dem Mandat	3				einmalig	Gutting Steuerberater und Rechtsanwälte GbR, Oberhausen-Rheinhausen, Rechtsanwalt, 2012, Stufe 3, Gewinn (Nachtrag zur 17. Wahlperiode)
Olav Gutting	CDU/CSU	m	Baden-Württemberg	Wahlkreis 278: Bruchsal - Schwetzingen	direkt	http://www.bundestag.de/bundestag/abgeordnete18/biografien/G/gutting_olav/258380	Entgeltliche Tätigkeiten neben dem Mandat	8	2013			einmalig	Gutting Steuerberater und Rechtsanwälte GbR, Oberhausen-Rheinhausen, 2013, Stufe 8, Gewinn
Frank Heinrich	CDU/CSU	m	Sachsen	Wahlkreis 162: Chemnitz	direkt	http://www.bundestag.de/bundestag/abgeordnete18/biografien/H/heinrich_frank/258432	Entgeltliche Tätigkeiten neben dem Mandat	1	2014			einmalig	University of the Nations Kona, Kailua-Kona (USA), Vortragsreihe, 2014, Stufe 1 (Gesellschaftliches Engagement, Menschenhandel, Sexual Trafficking, Religionsfreiheit)
Rudolf Henke	CDU/CSU	m	Nordrhein-Westfalen	Wahlkreis 087: Aachen I	direkt	http://www.bundestag.de/bundestag/abgeordnete18/biografien/H/henke_rudolf/258504	Entgeltliche Tätigkeiten neben dem Mandat	3				jährlich	St. Antonius-Hospital, Eschweiler, Arzt, jährlich, Stufe 3
Rudolf Henke	CDU/CSU	m	Nordrhein-Westfalen	Wahlkreis 087: Aachen I	direkt	http://www.bundestag.de/bundestag/abgeordnete18/biografien/H/henke_rudolf/258504	Funktionen in Unternehmen	3				jährlich	Allianz Private Krankenversicherungs-AG, München, Stellv. Vorsitzender des Ärztebeirates, jährlich, Stufe 3
Rudolf Henke	CDU/CSU	m	Nordrhein-Westfalen	Wahlkreis 087: Aachen I	direkt	http://www.bundestag.de/bundestag/abgeordnete18/biografien/H/henke_rudolf/258504	Funktionen in Unternehmen	3				jährlich	Deutsche Ärzteversicherung-AG, Köln,Mitglied des Aufsichtsrates, jährlich, Stufe 3, Mitglied des Beirates
Rudolf Henke	CDU/CSU	m	Nordrhein-Westfalen	Wahlkreis 087: Aachen I	direkt	http://www.bundestag.de/bundestag/abgeordnete18/biografien/H/henke_rudolf/258504	Funktionen in Körperschaften und Anstalten des öffentlichen Rechts	3				monatlich	Ärztekammer Nordrhein, Düsseldorf, Präsident, monatlich, Stufe 3
Rudolf Henke	CDU/CSU	m	Nordrhein-Westfalen	Wahlkreis 087: Aachen I	direkt	http://www.bundestag.de/bundestag/abgeordnete18/biografien/H/henke_rudolf/258504	Funktionen in Vereinen, Verbänden und Stiftungen	2				monatlich	Marburger Bund Bundesverband, Berlin, 1. Vorsitzender, monatlich, Stufe 2
Dr. Barbara Hendricks	SPD	f	Nordrhein-Westfalen	Wahlkreis 112: Kleve	liste	http://www.bundestag.de/bundestag/abgeordnete18/biografien/H/hendricks_barbara/258464	Entgeltliche Tätigkeiten neben dem Mandat	3			2013-12-16T23:00:00.000Z	monatlich	Sozialdemokratische Partei Deutschlands, Berlin, Schatzmeisterin (bis 17.12.2013), monatlich, Stufe 3
Karl Holmeier	CDU/CSU	m	Bayern	Wahlkreis 234: Schwandorf	direkt	http://www.bundestag.de/bundestag/abgeordnete18/biografien/H/holmeier_karl/258454	Funktionen in Körperschaften und Anstalten des öffentlichen Rechts	2			2014-04-29T22:00:00.000Z	monatlich	Gemeinde Weiding, Weiding, 1. Bürgermeister, ehrenamtlich (bis 30.04.2014), monatlich, Stufe 2
Bettina Hornhues	CDU/CSU	f	Bremen	Wahlkreis 055: Bremen II - Bremerhaven	liste	http://www.bundestag.de/bundestag/abgeordnete18/biografien/H/hornhues_bettina/259440	Entgeltliche Tätigkeiten neben dem Mandat	1			2013-11-14T23:00:00.000Z	monatlich	NordFinanz Bank AG, Bremen, Bankkauffrau (bis 15.11.2013), monatlich, Stufe 1
Bärbel Höhn	Bündnis 90/Die Grünen	f	Nordrhein-Westfalen	Wahlkreis 117: Oberhausen - Wesel III	liste	http://www.bundestag.de/bundestag/abgeordnete18/biografien/H/hoehn_baerbel/258514	Funktionen in Vereinen, Verbänden und Stiftungen	3				jährlich	Deutsche Bundesstiftung Umwelt (DBU), Osnabrück, Mitglied des Kuratoriums, jährlich, Stufe 3
Reinhold Jost	SPD	m	Saarland	Wahlkreis 297: Saarlouis	liste	http://www.bundestag.de/bundestag/abgeordnete18/biografien/J/jost_reinhold/258534	Entgeltliche Tätigkeiten neben dem Mandat	1			2013-12-31T23:00:00.000Z	monatlich	SPD-Landtagsfraktion, Saarbrücken, Parlamentarischer Geschäftsführer (bis Ende 2013), monatlich, Stufe 1
Reinhold Jost	SPD	m	Saarland	Wahlkreis 297: Saarlouis	liste	http://www.bundestag.de/bundestag/abgeordnete18/biografien/J/jost_reinhold/258534	Entgeltliche Tätigkeiten neben dem Mandat	2			2013-12-31T23:00:00.000Z	monatlich	SPD-Saarland, Saarbrücken, Landesgeschäftsführer, monatlich, Stufe 2
Dr. Egon Jüttner	CDU/CSU	m	Baden-Württemberg	Wahlkreis 275: Mannheim	direkt	http://www.bundestag.de/bundestag/abgeordnete18/biografien/J/juettner_egon/258548	Funktionen in Körperschaften und Anstalten des öffentlichen Rechts	3				jährlich	Stadt Mannheim, Mannheim, Mitglied des Gemeinderates, jährlich, Stufe 3
Alois Karl	CDU/CSU	m	Bayern	Wahlkreis 232: Amberg	direkt	http://www.bundestag.de/bundestag/abgeordnete18/biografien/K/karl_alois/258604	Entgeltliche Tätigkeiten neben dem Mandat	3	2013			einmalig	Rechtsanwalt, selbständig, Neumarkt, Mandant 1, 2013, Stufe 3
Alois Karl	CDU/CSU	m	Bayern	Wahlkreis 232: Amberg	direkt	http://www.bundestag.de/bundestag/abgeordnete18/biografien/K/karl_alois/258604	Entgeltliche Tätigkeiten neben dem Mandat	3	2014			einmalig	Rechtsanwalt, selbständig, Neumarkt, Mandant 2, 2014, Stufe 3
Jürgen Klimke	CDU/CSU	m	Hamburg		liste	http://www.bundestag.de/bundestag/abgeordnete18/biografien/K/klimke_juergen/258652	Funktionen in Unternehmen	1				monatlich	Industrie-Contact AG, Hamburg, Vorsitzender des Vorstandes, monatlich, Stufe 1
Jan Korte	Die Linke	m	Sachsen-Anhalt	Wahlkreis 071: Anhalt	liste	http://www.bundestag.de/bundestag/abgeordnete18/biografien/K/korte_jan/258602	Entgeltliche Tätigkeiten neben dem Mandat	1	2014			einmalig	Neues Deutschland Druckerei und Verlag GmbH, Berlin, Buchautor, 2014, Stufe 1
Anette Kramme	SPD	f	Bayern	Wahlkreis 237: Bayreuth	liste	http://www.bundestag.de/bundestag/abgeordnete18/biografien/K/kramme_anette/258582	Entgeltliche Tätigkeiten neben dem Mandat	3			2013-12-30T23:00:00.000Z	einmalig	Kramme, Günther & Kollegen, Bayreuth, Rechtsanwältin (bis Ende 2013), 2012, Stufe 3, Gewinn (Nachtrag zur
Dr. Roy Kühne	CDU/CSU	m	Niedersachsen	Wahlkreis 052: Goslar - Northeim - Osterode	liste	http://www.bundestag.de/bundestag/abgeordnete18/biografien/K/kuehne_roy/259432	Entgeltliche Tätigkeiten neben dem Mandat	2		2014-03-31T22:00:00.000Z		monatlich	Dr. Roy Kühne-Verwaltungs GmbH, Northeim, Geschäftsführer, monatlich, Stufe 2 (ab 01.03.2014)
Dr. Karl Lauterbach	SPD	m	Nordrhein-Westfalen	Wahlkreis 101: Leverkusen - Köln IV	direkt	http://www.bundestag.de/bundestag/abgeordnete18/biografien/L/lauterbach_karl/258708	Entgeltliche Tätigkeiten neben dem Mandat	1	2013			einmalig	Harvard Universität, Cambridge, Massachusetts, USA, Wissenschaftliche Beratung, 2013, Stufe 1 (Nachtrag zur 17. Wahlperiode)
Dr. Karl Lauterbach	SPD	m	Nordrhein-Westfalen	Wahlkreis 101: Leverkusen - Köln IV	direkt	http://www.bundestag.de/bundestag/abgeordnete18/biografien/L/lauterbach_karl/258708	Entgeltliche Tätigkeiten neben dem Mandat	1	2015			einmalig	Harvard Universität, Cambridge, Massachusetts, USA, 2015, Stufe 1
Dr. Karl Lauterbach	SPD	m	Nordrhein-Westfalen	Wahlkreis 101: Leverkusen - Köln IV	direkt	http://www.bundestag.de/bundestag/abgeordnete18/biografien/L/lauterbach_karl/258708	Funktionen in Unternehmen	3	2014		2013-06-29T22:00:00.000Z	einmalig	Rhön-Klinikum AG, Bad Neustadt/Saale, Mitglied des Aufsichtsrates (bis Juni 2013), 2014, Stufe 3 (Nachzahlung für 2013)
Steffen-Claudio Lemme	SPD	m	Thüringen	Wahlkreis 191: Kyffhäuserkreis - Sömmerda - Weimarer Land I	liste	http://www.bundestag.de/bundestag/abgeordnete18/biografien/L/lemme_steffen/258696	Entgeltliche Tätigkeiten neben dem Mandat	1				monatlich	Deutscher Gewerkschaftsbund, Berlin, Gewerkschaftssekretär, monatlich, Stufe 1
Dr. Jan-Marco Luczak	CDU/CSU	m	Berlin	Wahlkreis 081: Berlin-Tempelhof - Schöneberg	direkt	http://www.bundestag.de/bundestag/abgeordnete18/biografien/L/luczak_jan_marco/258702	Entgeltliche Tätigkeiten neben dem Mandat	1				monatlich	Rechtsanwälte Hengeler Mueller, Berlin, Rechtsanwalt, monatlich, Stufe 1
Kirsten Lühmann	SPD	f	Niedersachsen	Wahlkreis 044: Celle - Uelzen	liste	http://www.bundestag.de/bundestag/abgeordnete18/biografien/L/luehmann_kirsten/258706	Funktionen in Unternehmen	4				jährlich	BTA Betriebs- und Anlagegesellschaft mbH, Berlin, Mitglied des Aufsichtsrates, jährlich, Stufe 4
Kirsten Lühmann	SPD	f	Niedersachsen	Wahlkreis 044: Celle - Uelzen	liste	http://www.bundestag.de/bundestag/abgeordnete18/biografien/L/luehmann_kirsten/258706	Funktionen in Unternehmen	3	2015			einmalig	Deutsche Bahn AG, Berlin, Mitglied des Aufsichtsrates, 2015, Stufe 3
Kirsten Lühmann	SPD	f	Niedersachsen	Wahlkreis 044: Celle - Uelzen	liste	http://www.bundestag.de/bundestag/abgeordnete18/biografien/L/luehmann_kirsten/258706	Funktionen in Unternehmen	3				jährlich	Nürnberger Beamten Lebensversicherung AG, Nürnberg, Mitglied des Aufsichtsrates, jährlich, Stufe 3
Kirsten Lühmann	SPD	f	Niedersachsen	Wahlkreis 044: Celle - Uelzen	liste	http://www.bundestag.de/bundestag/abgeordnete18/biografien/L/luehmann_kirsten/258706	Funktionen in Vereinen, Verbänden und Stiftungen	1				monatlich	dbb - Deutscher Beamtenbund und Tarifunion, Berlin, Stellv. Bundesvorsitzende, monatlich, Stufe 1
Thomas Mahlberg	CDU/CSU	m	Nordrhein-Westfalen	Wahlkreis 115: Duisburg I	liste	http://www.bundestag.de/bundestag/abgeordnete18/biografien/M/mahlberg_thomas/259338	Entgeltliche Tätigkeiten neben dem Mandat	3			2013-11-29T23:00:00.000Z	monatlich	YARA GmbH & Co. KG, Dülmen, Verkaufsleiter, Kaufm. Angestellter (bis 30.11.2013), monatlich, Stufe 3
Thomas Mahlberg	CDU/CSU	m	Nordrhein-Westfalen	Wahlkreis 115: Duisburg I	liste	http://www.bundestag.de/bundestag/abgeordnete18/biografien/M/mahlberg_thomas/259338	Funktionen in Körperschaften und Anstalten des öffentlichen Rechts	4	2013		2014-12-30T23:00:00.000Z	einmalig	Sparkasse Duisburg, Duisburg, Mitglied des Verwaltungsrates (bis 31.12.2014), 2013, Stufe 4
Thomas Mahlberg	CDU/CSU	m	Nordrhein-Westfalen	Wahlkreis 115: Duisburg I	liste	http://www.bundestag.de/bundestag/abgeordnete18/biografien/M/mahlberg_thomas/259338	Funktionen in Körperschaften und Anstalten des öffentlichen Rechts	1				monatlich	Westdeutscher Rundfunk, Köln, Mitglied des Rundfunkrates, monatlich, Stufe 1
Matern von Marschall	CDU/CSU	m	Baden-Württemberg	Wahlkreis 281: Freiburg	direkt	http://www.bundestag.de/bundestag/abgeordnete18/biografien/M/marschallvon_matern/259146	Entgeltliche Tätigkeiten neben dem Mandat	4	2013			einmalig	AUDIOBUCH Verlag oHG, Freiburg, Geschäftsführender Gesellschafter, 2013, Stufe 4, Gewinn
Matern von Marschall	CDU/CSU	m	Baden-Württemberg	Wahlkreis 281: Freiburg	direkt	http://www.bundestag.de/bundestag/abgeordnete18/biografien/M/marschallvon_matern/259146	Entgeltliche Tätigkeiten neben dem Mandat	1		2014-01-31T23:00:00.000Z		monatlich	AUDIOBUCH Verlag oHG, Freiburg, ab 2014 monatlich, Stufe 1, Gewinn
Andreas Mattfeldt	CDU/CSU	m	Niedersachsen	Wahlkreis 034: Osterholz - Verden	direkt	http://www.bundestag.de/bundestag/abgeordnete18/biografien/M/mattfeldt_andreas/258750	Entgeltliche Tätigkeiten neben dem Mandat	1				monatlich	Quint Nord Vertriebs- und Beratungs GmbH, Langwedel, Geschäftsführer, monatlich, Stufe 1
Dr. Michael Meister	CDU/CSU	m	Hessen	Wahlkreis 188: Bergstraße	direkt	http://www.bundestag.de/bundestag/abgeordnete18/biografien/M/meister_michael/258786	Entgeltliche Tätigkeiten neben dem Mandat	1	2013			einmalig	Eckardt-Steuerkreis, München, Vortrag, 2013, Stufe 1 (Sitzung des Arbeitskreises Steuerpolitik)
Stephan Mayer	CDU/CSU	m	Bayern	Wahlkreis 213: Altötting	direkt	http://www.bundestag.de/bundestag/abgeordnete18/biografien/M/mayer_stephan/258778	Entgeltliche Tätigkeiten neben dem Mandat	1				monatlich	Nachmann Rechtsanwalts GmbH, München, Rechtsanwalt, monatlich, Stufe 1
Peter Meiwald	Bündnis 90/Die Grünen	m	Niedersachsen	Wahlkreis 027: Oldenburg - Ammerland	liste	http://www.bundestag.de/bundestag/abgeordnete18/biografien/M/meiwald_peter/258784	Funktionen in Unternehmen	4				jährlich	EWE AG, Oldenburg, Mitglied des Aufsichtsrates, jährlich, Stufe 4
Klaus Mindrup	SPD	m	Berlin	Wahlkreis 076: Berlin-Pankow	liste	http://www.bundestag.de/bundestag/abgeordnete18/biografien/M/mindrup_klaus/259346	Entgeltliche Tätigkeiten neben dem Mandat	3	2014		2015-12-30T23:00:00.000Z	einmalig	Freiberuflicher Diplom-Biologe, Berlin (bis 31.12.2015) Beratung, GMZ Planungsgesellschaft Matthias Zinnen mbH, Berlin, 2014, Stufe 3
Philipp Mißfelder	CDU/CSU	m	Nordrhein-Westfalen	Wahlkreis 121: Recklinghausen I	liste	http://www.bundestag.de/bundestag/abgeordnete18/biografien/M/missfelder_philipp/258790	Entgeltliche Tätigkeiten neben dem Mandat	8			2015-07-12T22:00:00.000Z	jährlich	teNeues Verlag GmbH & Co. KG, Kempen, Beratungstätigkeit, jährlich, Stufe 8 (bis 31.12.2014)
Philipp Mißfelder	CDU/CSU	m	Nordrhein-Westfalen	Wahlkreis 121: Recklinghausen I	liste	http://www.bundestag.de/bundestag/abgeordnete18/biografien/M/missfelder_philipp/258790	Funktionen in Unternehmen	5		2015-05-31T22:00:00.000Z	2015-07-12T22:00:00.000Z	jährlich	Bonner Akademie für Forschung und Lehre praktischer Politik (BAPP) GmbH, Bonn, Mitglied des Beirates, jährlich, Stufe 5 (ab 01.05.2015)
Philipp Mißfelder	CDU/CSU	m	Nordrhein-Westfalen	Wahlkreis 121: Recklinghausen I	liste	http://www.bundestag.de/bundestag/abgeordnete18/biografien/M/missfelder_philipp/258790	Funktionen in Unternehmen	6		2015-05-31T22:00:00.000Z	2015-07-12T22:00:00.000Z	jährlich	Bonner Akademie für Forschung und Lehre praktischer Politik (BAPP) GmbH, Bonn, Mitglied des Beirates, jährlich, Stufe 6 (ab 01.05.2015)
Bettina Müller	SPD	f	Hessen	Wahlkreis 175: Main-Kinzig – Wetterau II – Schotten	liste	http://www.bundestag.de/bundestag/abgeordnete18/biografien/M/mueller_bettina/259412	Entgeltliche Tätigkeiten neben dem Mandat	1	2013			einmalig	Amtsgericht Gelnhausen, Gelnhausen, Betreuerin, 2013, Stufe 1
Bettina Müller	SPD	f	Hessen	Wahlkreis 175: Main-Kinzig – Wetterau II – Schotten	liste	http://www.bundestag.de/bundestag/abgeordnete18/biografien/M/mueller_bettina/259412	Entgeltliche Tätigkeiten neben dem Mandat	3	2014			einmalig	Amtsgericht Gelnhausen, Gelnhausen, 2014, Stufe 3
Dr. Philipp Murmann	CDU/CSU	m	Schleswig-Holstein	Wahlkreis 006: Plön - Neumünster	direkt	http://www.bundestag.de/bundestag/abgeordnete18/biografien/M/murmann_philipp/258792	Entgeltliche Tätigkeiten neben dem Mandat	2			2015-06-29T22:00:00.000Z	monatlich	Zöllner Holding GmbH, Kiel, Geschäftsführer, monatlich, Stufe 2 (bis Juni 2015)
Dr. Philipp Murmann	CDU/CSU	m	Schleswig-Holstein	Wahlkreis 006: Plön - Neumünster	direkt	http://www.bundestag.de/bundestag/abgeordnete18/biografien/M/murmann_philipp/258792	Entgeltliche Tätigkeiten neben dem Mandat	3	2015			monatlich	Zöllner Holding GmbH, Kiel, monatlich, Stufe 3 (ab Juli 2015)
Andrea Nahles	SPD	f	Rheinland-Pfalz	Wahlkreis 199: Ahrweiler	liste	http://www.bundestag.de/bundestag/abgeordnete18/biografien/N/nahles_andrea/258818	Entgeltliche Tätigkeiten neben dem Mandat	3			2013-12-15T23:00:00.000Z	monatlich	Sozialdemokratische Partei Deutschlands, Berlin, Generalsekretärin (bis 16.12.2013), monatlich, Stufe 3
Omid Nouripour	Bündnis 90/Die Grünen	m	Hessen	Wahlkreis 183: Frankfurt am Main II	liste	http://www.bundestag.de/bundestag/abgeordnete18/biografien/N/nouripour_omid/258804	Entgeltliche Tätigkeiten neben dem Mandat	2	2014			einmalig	Publizistische Tätigkeit, Deutscher Taschenbuchverlag GmbH & Co. KG, München, 2014, Stufe 2
Omid Nouripour	Bündnis 90/Die Grünen	m	Hessen	Wahlkreis 183: Frankfurt am Main II	liste	http://www.bundestag.de/bundestag/abgeordnete18/biografien/N/nouripour_omid/258804	Entgeltliche Tätigkeiten neben dem Mandat	2	2016			einmalig	Publizistische Tätigkeit, Graf & Graf Literatur- und Medienagentur GmbH, Berlin, 2016, Stufe 2
Dietmar Nietan	SPD	m	Nordrhein-Westfalen	Wahlkreis 090: Düren	liste	http://www.bundestag.de/bundestag/abgeordnete18/biografien/N/nietan_dietmar/258808	Entgeltliche Tätigkeiten neben dem Mandat	3				monatlich	Sozialdemokratische Partei Deutschlands, Berlin, Schatzmeister, monatlich, Stufe 3
Dr. iur. Georg Nüßlein	CDU/CSU	m	Bayern	Wahlkreis 255: Neu-Ulm	direkt	http://www.bundestag.de/bundestag/abgeordnete18/biografien/N/nuesslein_georg/258802	Entgeltliche Tätigkeiten neben dem Mandat	2				monatlich	Betrieb eines Klein- Wasserkraftwerks, Münsterhausen, Elektrizitätswerk Gemeinde Burtenbach, (als Abnehmer nach § 4 EEG),monatlich, Stufe 2
Dr. iur. Georg Nüßlein	CDU/CSU	m	Bayern	Wahlkreis 255: Neu-Ulm	direkt	http://www.bundestag.de/bundestag/abgeordnete18/biografien/N/nuesslein_georg/258802	Entgeltliche Tätigkeiten neben dem Mandat	1	2014			einmalig	FORUM Institut für Management GmbH, Heidelberg, Vortrag, 2014, Stufe 1 („4. Stadtwerketag Bayern- Die Auswirkungen der Energiewende-Reform auf den Freistaat“)
Dr. iur. Georg Nüßlein	CDU/CSU	m	Bayern	Wahlkreis 255: Neu-Ulm	direkt	http://www.bundestag.de/bundestag/abgeordnete18/biografien/N/nuesslein_georg/258802	Funktionen in Unternehmen	1				monatlich	on-collect solutions AG, Illertissen, Vorsitzender des Aufsichtsrates, monatlich, Stufe 1
Dr. iur. Georg Nüßlein	CDU/CSU	m	Bayern	Wahlkreis 255: Neu-Ulm	direkt	http://www.bundestag.de/bundestag/abgeordnete18/biografien/N/nuesslein_georg/258802	Funktionen in Unternehmen	3				jährlich	Sfirion AG, München, Mitglied des Aufsichtsrates, jährlich, Stufe 3
Cem Özdemir	Bündnis 90/Die Grünen	m	Baden-Württemberg	Wahlkreis 258: Stuttgart I	liste	http://www.bundestag.de/bundestag/abgeordnete18/biografien/O/oezdemir_cem/258834	Funktionen in Vereinen, Verbänden und Stiftungen	1				monatlich	Bundesverband mittelständische Wirtschaft e.V. (BVMW), München, Mitglied des politischen Beirates, monatlich, Stufe 1
Achim Post	SPD	m	Nordrhein-Westfalen	Wahlkreis 134: Minden-Lübbecke I	liste	http://www.bundestag.de/bundestag/abgeordnete18/biografien/P/post_achim/258858	Entgeltliche Tätigkeiten neben dem Mandat	4			2014-09-29T22:00:00.000Z	monatlich	Sozialdemokratische Partei Europas, Brüssel, Generalsekretär, monatlich, Stufe 4 (bis 30.09.2014)
Joachim Poß	SPD	m	Nordrhein-Westfalen	Wahlkreis 123: Gelsenkirchen	direkt	http://www.bundestag.de/bundestag/abgeordnete18/biografien/P/poss_joachim/258866	Funktionen in Unternehmen	5				jährlich	RAG Deutsche Steinkohle AG, Herne, Arbeitnehmervertreter des Aufsichtsrates, jährlich, Stufe 5
Alexander Radwan	CDU/CSU	m	Bayern	Wahlkreis 224: Starnberg	direkt	http://www.bundestag.de/bundestag/abgeordnete18/biografien/R/radwan_alexander/258908	Entgeltliche Tätigkeiten neben dem Mandat	1			2015-12-30T23:00:00.000Z	monatlich	GSK Stockmann & Kollegen, München (bis 31.12.2015), Rechtsanwalt, monatlich, Stufe 1
Alexander Radwan	CDU/CSU	m	Bayern	Wahlkreis 224: Starnberg	direkt	http://www.bundestag.de/bundestag/abgeordnete18/biografien/R/radwan_alexander/258908	Entgeltliche Tätigkeiten neben dem Mandat	1			2015-12-30T23:00:00.000Z	monatlich	GSK Stockmann & Kollegen, München (bis 31.12.2015), Mandant 1, monatlich, Stufe 1
Alexander Radwan	CDU/CSU	m	Bayern	Wahlkreis 224: Starnberg	direkt	http://www.bundestag.de/bundestag/abgeordnete18/biografien/R/radwan_alexander/258908	Entgeltliche Tätigkeiten neben dem Mandat	2			2015-12-30T23:00:00.000Z	monatlich	GSK Stockmann & Kollegen, München (bis 31.12.2015), Mandant 2, monatlich, Stufe 2 (bis 31.07.2015)
Alexander Radwan	CDU/CSU	m	Bayern	Wahlkreis 224: Starnberg	direkt	http://www.bundestag.de/bundestag/abgeordnete18/biografien/R/radwan_alexander/258908	Entgeltliche Tätigkeiten neben dem Mandat	1		2016-01-31T23:00:00.000Z		monatlich	Waigel Rechtsanwälte, München (ab 01.01.2016), Rechtsanwalt, monatlich, Stufe 1
Alexander Radwan	CDU/CSU	m	Bayern	Wahlkreis 224: Starnberg	direkt	http://www.bundestag.de/bundestag/abgeordnete18/biografien/R/radwan_alexander/258908	Entgeltliche Tätigkeiten neben dem Mandat	1		2016-01-31T23:00:00.000Z		monatlich	Waigel Rechtsanwälte, München (ab 01.01.2016), Mandant 1, monatlich, Stufe 1
Dr. Peter Ramsauer	CDU/CSU	m	Bayern	Wahlkreis 225: Traunstein	direkt	http://www.bundestag.de/bundestag/abgeordnete18/biografien/R/ramsauer_peter/258902	Funktionen in Vereinen, Verbänden und Stiftungen	2	2014			monatlich	Ghorfa - Arab-German Chamber of Commerce and Industry e.V., Berlin, Präsident, monatlich, Stufe 2 (ab Juni 2014)
Stefan Rebmann	SPD	m	Baden-Württemberg	Wahlkreis 275: Mannheim	liste	http://www.bundestag.de/bundestag/abgeordnete18/biografien/R/rebmann_stefan/258874	Entgeltliche Tätigkeiten neben dem Mandat	1			2014-01-30T23:00:00.000Z	monatlich	DGB Bezirk Baden-Württemberg, Stuttgart, DGB-Regionsvorsitzender, monatlich, Stufe 1 (bis Januar 2014)
Johannes Röring	CDU/CSU	m	Nordrhein-Westfalen	Wahlkreis 126: Borken II	direkt	http://www.bundestag.de/bundestag/abgeordnete18/biografien/R/roering_johannes/258888	Entgeltliche Tätigkeiten neben dem Mandat	3	2016			einmalig	Johannes Röring Energie, Vreden, 2016, Stufe 3
Johannes Röring	CDU/CSU	m	Nordrhein-Westfalen	Wahlkreis 126: Borken II	direkt	http://www.bundestag.de/bundestag/abgeordnete18/biografien/R/roering_johannes/258888	Entgeltliche Tätigkeiten neben dem Mandat	7	2016			einmalig	Johannes Röring Energie, Vreden, 2016, Stufe 7
Johannes Röring	CDU/CSU	m	Nordrhein-Westfalen	Wahlkreis 126: Borken II	direkt	http://www.bundestag.de/bundestag/abgeordnete18/biografien/R/roering_johannes/258888	Entgeltliche Tätigkeiten neben dem Mandat	4	2016			einmalig	Johannes Röring Energie, Vreden, 2016, Stufe 4
Johannes Röring	CDU/CSU	m	Nordrhein-Westfalen	Wahlkreis 126: Borken II	direkt	http://www.bundestag.de/bundestag/abgeordnete18/biografien/R/roering_johannes/258888	Entgeltliche Tätigkeiten neben dem Mandat	6	2016			einmalig	Johannes Röring Energie, Vreden, 2016, Stufe 6
Johannes Röring	CDU/CSU	m	Nordrhein-Westfalen	Wahlkreis 126: Borken II	direkt	http://www.bundestag.de/bundestag/abgeordnete18/biografien/R/roering_johannes/258888	Entgeltliche Tätigkeiten neben dem Mandat	3	2016			einmalig	Johannes Röring Energie, Vreden, 2016, Stufe 3
Johannes Röring	CDU/CSU	m	Nordrhein-Westfalen	Wahlkreis 126: Borken II	direkt	http://www.bundestag.de/bundestag/abgeordnete18/biografien/R/roering_johannes/258888	Entgeltliche Tätigkeiten neben dem Mandat	3	2016			einmalig	Johannes Röring Energie, Vreden, 2016, Stufe 3
Johannes Röring	CDU/CSU	m	Nordrhein-Westfalen	Wahlkreis 126: Borken II	direkt	http://www.bundestag.de/bundestag/abgeordnete18/biografien/R/roering_johannes/258888	Entgeltliche Tätigkeiten neben dem Mandat	4	2016			einmalig	Johannes Röring Energie, Vreden, 2016, Stufe 4
Claudia Roth	Bündnis 90/Die Grünen	m	Bayern	Wahlkreis 252: Augsburg-Stadt	liste	http://www.bundestag.de/bundestag/abgeordnete18/biografien/R/roth_claudia/258898	Entgeltliche Tätigkeiten neben dem Mandat	1	2014			einmalig	WDR, Köln, Mitwirkung in der TV-Sendung "Zimmer frei!", 2014, Stufe 1
Dr. Gerhard Schick	Bündnis 90/Die Grünen	m	Baden-Württemberg	Wahlkreis 275: Mannheim	liste	http://www.bundestag.de/bundestag/abgeordnete18/biografien/S/schick_gerhard/259076	Entgeltliche Tätigkeiten neben dem Mandat	2	2013			einmalig	Campus Verlag GmbH, Frankfurt/Main, Publizistische Tätigkeit, 2013, Stufe 2
Norbert Schindler	CDU/CSU	m	Rheinland-Pfalz	Wahlkreis 209: Neustadt - Speyer	direkt	http://www.bundestag.de/bundestag/abgeordnete18/biografien/S/schindler_norbert/259032	Funktionen in Unternehmen	5	2013			einmalig	CropEnergies AG, Mannheim, Mitglied des Aufsichtsrates, 2013, Stufe 5
Norbert Schindler	CDU/CSU	m	Rheinland-Pfalz	Wahlkreis 209: Neustadt - Speyer	direkt	http://www.bundestag.de/bundestag/abgeordnete18/biografien/S/schindler_norbert/259032	Funktionen in Unternehmen	4	2014			einmalig	CropEnergies AG, Mannheim, 2014, Stufe 4
Norbert Schindler	CDU/CSU	m	Rheinland-Pfalz	Wahlkreis 209: Neustadt - Speyer	direkt	http://www.bundestag.de/bundestag/abgeordnete18/biografien/S/schindler_norbert/259032	Funktionen in Unternehmen	4	2015			einmalig	CropEnergies AG, Mannheim, 2015, Stufe 4
Norbert Schindler	CDU/CSU	m	Rheinland-Pfalz	Wahlkreis 209: Neustadt - Speyer	direkt	http://www.bundestag.de/bundestag/abgeordnete18/biografien/S/schindler_norbert/259032	Funktionen in Unternehmen	3	2015			einmalig	Süddeutsche Krankenversicherung a.G., Stuttgart, Mitglied des Aufsichtsrates, 2015, Stufe 3
Norbert Schindler	CDU/CSU	m	Rheinland-Pfalz	Wahlkreis 209: Neustadt - Speyer	direkt	http://www.bundestag.de/bundestag/abgeordnete18/biografien/S/schindler_norbert/259032	Funktionen in Unternehmen	3	2016			einmalig	Süddeutsche Krankenversicherung a.G., Stuttgart, 2016, Stufe 3
Norbert Schindler	CDU/CSU	m	Rheinland-Pfalz	Wahlkreis 209: Neustadt - Speyer	direkt	http://www.bundestag.de/bundestag/abgeordnete18/biografien/S/schindler_norbert/259032	Funktionen in Unternehmen	3				einmalig	Süddeutsche Lebensversicherung a.G., Stuttgart, Mitglied des Aufsichtsrates, 2012, Stufe 3 (Nachtrag zur 17. Wahlperiode)
Norbert Schindler	CDU/CSU	m	Rheinland-Pfalz	Wahlkreis 209: Neustadt - Speyer	direkt	http://www.bundestag.de/bundestag/abgeordnete18/biografien/S/schindler_norbert/259032	Funktionen in Unternehmen	3	2013			einmalig	Süddeutsche Lebensversicherung a.G., Stuttgart, 2013, Stufe 3
Norbert Schindler	CDU/CSU	m	Rheinland-Pfalz	Wahlkreis 209: Neustadt - Speyer	direkt	http://www.bundestag.de/bundestag/abgeordnete18/biografien/S/schindler_norbert/259032	Funktionen in Körperschaften und Anstalten des öffentlichen Rechts	3			2015-12-30T23:00:00.000Z	jährlich	Landwirtschaftliche Rentenbank, Frankfurt/Main, Mitglied des Verwaltungsrates (bis 31.12.2015), jährlich, Stufe 3
Norbert Schindler	CDU/CSU	m	Rheinland-Pfalz	Wahlkreis 209: Neustadt - Speyer	direkt	http://www.bundestag.de/bundestag/abgeordnete18/biografien/S/schindler_norbert/259032	Funktionen in Körperschaften und Anstalten des öffentlichen Rechts	1				monatlich	Landwirtschaftskammer Rheinland-Pfalz, Bad Kreuznach, Präsident, monatlich, Stufe 1
Norbert Schindler	CDU/CSU	m	Rheinland-Pfalz	Wahlkreis 209: Neustadt - Speyer	direkt	http://www.bundestag.de/bundestag/abgeordnete18/biografien/S/schindler_norbert/259032	Funktionen in Vereinen, Verbänden und Stiftungen	1			2014-09-29T22:00:00.000Z	monatlich	Bauern- und Winzerverband Rheinland-Pfalz-Süd e.V., Mainz, Präsident (bis 30.09.2014), monatlich, Stufe 1
Norbert Schindler	CDU/CSU	m	Rheinland-Pfalz	Wahlkreis 209: Neustadt - Speyer	direkt	http://www.bundestag.de/bundestag/abgeordnete18/biografien/S/schindler_norbert/259032	Funktionen in Vereinen, Verbänden und Stiftungen	1				monatlich	Bundesverband der deutschen Bioethanolwirtschaft e.V. (BDBe), Berlin, Vorsitzender, monatlich, Stufe 1
Norbert Schindler	CDU/CSU	m	Rheinland-Pfalz	Wahlkreis 209: Neustadt - Speyer	direkt	http://www.bundestag.de/bundestag/abgeordnete18/biografien/S/schindler_norbert/259032	Funktionen in Vereinen, Verbänden und Stiftungen	1			2015-06-23T22:00:00.000Z	monatlich	Deutscher Bauernverband e.V., Berlin, Vizepräsident (bis 24.06.2015), monatlich, Stufe 1
Carsten Schneider	SPD	m	Thüringen	Wahlkreis 193: Erfurt - Weimar - Weimarer Land II	liste	http://www.bundestag.de/bundestag/abgeordnete18/biografien/S/schneider_carsten/259094	Entgeltliche Tätigkeiten neben dem Mandat	2	2014			einmalig	The London Speaker Bureau, Karlsruhe, Podiumsdiskussion, 2014, Stufe 2 („Euro, Wachstum und Gerechtigkeit", Investmentkonferenz Sal. Oppenheim jr. & Cie. AG & Co. KGaA, Köln)
Ewald Schurer	SPD	m	Bayern	Wahlkreis 214: Erding - Ebersberg	liste	http://www.bundestag.de/bundestag/abgeordnete18/biografien/S/schurer_ewald/259070	Entgeltliche Tätigkeiten neben dem Mandat	1				monatlich	INFORM Schurer, Ebersberg, IABG Industrieanlagen-Betriebsgesellschaft mbH, München, monatlich, Stufe 1
Johannes Selle	CDU/CSU	m	Thüringen	Wahlkreis 191: Kyffhäuserkreis - Sömmerda - Weimarer Land I	direkt	http://www.bundestag.de/bundestag/abgeordnete18/biografien/S/selle_johannes/258974	Entgeltliche Tätigkeiten neben dem Mandat	1				monatlich	Mitteldeutsche Medienförderung GmbH, Leipzig, Beratung, monatlich, Stufe 1
Detlef Seif	CDU/CSU	m	Nordrhein-Westfalen	Wahlkreis 092: Euskirchen - Rhein-Erft-Kreis II	direkt	http://www.bundestag.de/bundestag/abgeordnete18/biografien/S/seif_detlef/258948	Entgeltliche Tätigkeiten neben dem Mandat	1	2016			einmalig	Rechtsanwalt, Weilerswist, Mandant 78, 2016, Stufe 1
Rainer Spiering	SPD	m	Niedersachsen	Wahlkreis 038: Osnabrück-Land	liste	http://www.bundestag.de/bundestag/abgeordnete18/biografien/S/spiering_rainer/259074	Funktionen in Körperschaften und Anstalten des öffentlichen Rechts	3				jährlich	Landkreis Osnabrück, Osnabrück, Mitglied des Kreistages, jährlich, Stufe 3
Albert Stegemann	CDU/CSU	m	Niedersachsen	Wahlkreis 031: Mittelems	direkt	http://www.bundestag.de/bundestag/abgeordnete18/biografien/S/stegemann_albert/259098	Entgeltliche Tätigkeiten neben dem Mandat	6	2016			einmalig	Landwirtschaftsbetrieb Albert Stegemann, Großringe, 2016, Stufe 6
Albert Stegemann	CDU/CSU	m	Niedersachsen	Wahlkreis 031: Mittelems	direkt	http://www.bundestag.de/bundestag/abgeordnete18/biografien/S/stegemann_albert/259098	Entgeltliche Tätigkeiten neben dem Mandat	3	2016			einmalig	Landwirtschaftsbetrieb Albert Stegemann, Großringe, Vertragspartner 8, Vette Agro Service GmbH & Co. KG, Hoogstede, 2016, Stufe 3
Peer Steinbrück	SPD	m	Nordrhein-Westfalen	Wahlkreis 104: Mettmann I	liste	http://www.bundestag.de/bundestag/abgeordnete18/biografien/S/steinbrueck_peer/259022	Entgeltliche Tätigkeiten neben dem Mandat	8	2014			einmalig	Hoffmann & Campe Verlag GmbH, Hamburg, Publizistische Tätigkeit, 2014, Stufe 8
Peer Steinbrück	SPD	m	Nordrhein-Westfalen	Wahlkreis 104: Mettmann I	liste	http://www.bundestag.de/bundestag/abgeordnete18/biografien/S/steinbrueck_peer/259022	Entgeltliche Tätigkeiten neben dem Mandat	8	2015			einmalig	Hoffmann & Campe Verlag GmbH, Hamburg, 2015, Stufe 8
Peer Steinbrück	SPD	m	Nordrhein-Westfalen	Wahlkreis 104: Mettmann I	liste	http://www.bundestag.de/bundestag/abgeordnete18/biografien/S/steinbrueck_peer/259022	Entgeltliche Tätigkeiten neben dem Mandat	3	2015			einmalig	Hoffmann & Campe Verlag GmbH, Hamburg, Vortrag, 2015, Stufe 3 (Lesereise)
Peer Steinbrück	SPD	m	Nordrhein-Westfalen	Wahlkreis 104: Mettmann I	liste	http://www.bundestag.de/bundestag/abgeordnete18/biografien/S/steinbrueck_peer/259022	Entgeltliche Tätigkeiten neben dem Mandat	2	2016			einmalig	Hoffmann & Campe Verlag GmbH, Hamburg, Vortrag, 2016, Stufe 2 (Lesereise)
Peer Steinbrück	SPD	m	Nordrhein-Westfalen	Wahlkreis 104: Mettmann I	liste	http://www.bundestag.de/bundestag/abgeordnete18/biografien/S/steinbrueck_peer/259022	Funktionen in Unternehmen	3	2014		2012-12-30T23:00:00.000Z	einmalig	ThyssenKrupp AG, Essen, Mitglied des Aufsichtsrates (bis 31.12.2012), 2014, Stufe 3 (für 2012)
Matthäus Strebl	CDU/CSU	m	Bayern		liste	http://www.bundestag.de/bundestag/abgeordnete18/biografien/S/strebl_matthaeus/259066	Entgeltliche Tätigkeiten neben dem Mandat	5				jährlich	Pension Consult Beratungsgesellschaft für Altersvorsorge mbH, Beratung, jährlich, Stufe 5
Max Straubinger	CDU/CSU	m	Bayern	Wahlkreis 230: Rottal-Inn	direkt	http://www.bundestag.de/bundestag/abgeordnete18/biografien/S/straubinger_max/259046	Entgeltliche Tätigkeiten neben dem Mandat	8	2016			einmalig	Allianz Beratungs- und Vertriebs AG, München, 2016, Stufe 8
Thomas Strobl	CDU/CSU	m	Baden-Württemberg	Wahlkreis 267: Heilbronn	direkt	http://www.bundestag.de/bundestag/abgeordnete18/biografien/S/strobl_thomas/259082	Entgeltliche Tätigkeiten neben dem Mandat	3			2016-06-02T22:00:00.000Z	jährlich	Anwalts- und Steuerkanzlei Throm, Hauser, Strobl, von Berlichingen, Heilbronn, Rechtsanwalt, jährlich, Stufe 3, Gewinn
Thomas Strobl	CDU/CSU	m	Baden-Württemberg	Wahlkreis 267: Heilbronn	direkt	http://www.bundestag.de/bundestag/abgeordnete18/biografien/S/strobl_thomas/259082	Funktionen in Vereinen, Verbänden und Stiftungen	3			2016-06-02T22:00:00.000Z	jährlich	Bundesverband mittelständische Wirtschaft e.V. (BVMW), Berlin, Mitglied des politischen Beirates, jährlich, Stufe 3
Lena Strothmann	CDU/CSU	f	Nordrhein-Westfalen	Wahlkreis 132: Bielefeld - Gütersloh II	liste	http://www.bundestag.de/bundestag/abgeordnete18/biografien/S/strothmann_lena/259008	Funktionen in Unternehmen	4				jährlich	Signal Iduna Unfallversicherung a.G., Dortmund, Mitglied des Aufsichtsrates, jährlich, Stufe 4
Lena Strothmann	CDU/CSU	f	Nordrhein-Westfalen	Wahlkreis 132: Bielefeld - Gütersloh II	liste	http://www.bundestag.de/bundestag/abgeordnete18/biografien/S/strothmann_lena/259008	Funktionen in Körperschaften und Anstalten des öffentlichen Rechts	1				monatlich	Handwerkskammer Ostwestfalen-Lippe zu Bielefeld, Bielefeld, Präsidentin, monatlich, Stufe 1
Wolfgang Tiefensee	SPD	m	Sachsen		liste	http://www.bundestag.de/bundestag/abgeordnete18/biografien/T/tiefensee_wolfgang/259110	Entgeltliche Tätigkeiten neben dem Mandat	3	2014			einmalig	Deutschland baut! e.V., Frankfurt/Main, Beratung, 2014, Stufe 3
Wolfgang Tiefensee	SPD	m	Sachsen		liste	http://www.bundestag.de/bundestag/abgeordnete18/biografien/T/tiefensee_wolfgang/259110	Entgeltliche Tätigkeiten neben dem Mandat	3	2013			einmalig	SGBD Deutschland GmbH, Frankfurt/Main, Vortrag, 2013, Stufe 3 (Nachtrag zur 17. Wahlperiode)
Wolfgang Tiefensee	SPD	m	Sachsen		liste	http://www.bundestag.de/bundestag/abgeordnete18/biografien/T/tiefensee_wolfgang/259110	Funktionen in Unternehmen	1			2014-12-10T23:00:00.000Z	monatlich	K&S Sozialbau AG, Sottrum, Mitglied des Beirates, monatlich, Stufe 1
Alexander Ulrich	Die Linke	m	Rheinland-Pfalz	Wahlkreis 210: Kaiserslautern	liste	http://www.bundestag.de/bundestag/abgeordnete18/biografien/U/ulrich_alexander/259132	Entgeltliche Tätigkeiten neben dem Mandat	1				monatlich	IG Metall Kaiserslautern, Kaiserslautern, Geschäftsführer und 2. Bevollmächtigter, monatlich, Stufe 1
Volkmar Vogel	CDU/CSU	m	Thüringen	Wahlkreis 195: Greiz - Altenburger Land	direkt	http://www.bundestag.de/bundestag/abgeordnete18/biografien/V/vogel_volkmar/259158	Funktionen in Unternehmen	4				jährlich	Deutsche Rockwool GmbH + Co. OHG, Gladbeck, Mitglied des Fachbeirates, jährlich, Stufe 4
Gabi Weber	SPD	f	Rheinland-Pfalz	Wahlkreis 205: Montabaur	liste	http://www.bundestag.de/bundestag/abgeordnete18/biografien/W/weber_gabriele/259162	Entgeltliche Tätigkeiten neben dem Mandat	1				monatlich	Deutscher Gewerkschaftsbund (DGB), Berlin, Gewerkschaftssekretärin, monatlich, Stufe 1
Sabine Zimmermann	Die Linke	f	Sachsen	Wahlkreis 165: Zwickau	liste	http://www.bundestag.de/bundestag/abgeordnete18/biografien/Z/zimmermann_sabine/259228	Entgeltliche Tätigkeiten neben dem Mandat	1				monatlich	Deutscher Gewerkschaftsbund (DGB) Bundesvorstand, Berlin, Gewerkschaftssekretärin, monatlich, Stufe 1